id,Name,shirt_number,Position,Age,Ht (cm),Wt(Kg),national_id,Country
AL-DF-BD31,Berat Djimsiti,6,DF,31,188,83,AL,Albania
AL-DF-EH30,Elseid Hysaj,4,DF,30,180,70,AL,Albania
AL-DF-EM26,Enea Mihaj,13,DF,26,185,86,AL,Albania
AL-DF-FV31,Frédéric Veseli,5,DF,31,183,80,AL,Albania
AL-DF-IB32,Iván Balliu,2,DF,32,170,63,AL,Albania
AL-DF-JM25,Jon Mersinaj,18,DF,25,183,-,AL,Albania
AL-DF-MK24,Marash Kumbulla,24,DF,24,183,78,AL,Albania
AL-DF-NA30,Naser Aliji,25,DF,30,175,73,AL,Albania
AL-FW-AB22,Armando Broja,22,FW,22,191,74,AL,Albania
AL-FW-AH25,Arber Hoxha,26,FW,25,183,-,AL,Albania
AL-FW-EM23,Ernest Muçi,17,FW,23,178,-,AL,Albania
AL-FW-JA29,Jasir Asani,9,FW,29,173,62,AL,Albania
AL-FW-MU29,Myrto Uzuni,18,FW,29,178,72,AL,Albania
AL-FW-RM27,Rey Manaj,8,FW,27,180,70,AL,Albania
AL-FW-SC34,Sokol Cikalleshi,16,FW,34,183,79,AL,Albania
AL-GK-AS26,Alen Sherri,1,GK,26,197,-,AL,Albania
AL-GK-EB35,Etrit Berisha,1,GK,35,193,82,AL,Albania
AL-GK-EK27,Elhan Kastrati,12,GK,27,188,82,AL,Albania
AL-GK-TS29,Thomas Strakosha,23,GK,29,191,80,AL,Albania
AL-MF-AM24,Arbnor Mucolli,19,MF,24,173,-,AL,Albania
AL-MF-KA22,Kristjan Asllani,21,MF,22,173,63,AL,Albania
AL-MF-KB26,Keidi Bare,7,MF,26,173,66,AL,Albania
AL-MF-MM20,Mario Mitaj,3,MF,20,183,-,AL,Albania
AL-MF-NB25,Nedim Bajrami,10,MF,25,178,68,AL,Albania
AL-MF-QL28,Qazim Laçi,14,MF,28,173,67,AL,Albania
AL-MF-TS27,Taulant Seferi Sulejmanov,15,MF,27,175,75,AL,Albania
AL-MF-YR28,Ylber Ramadani,20,MF,28,183,-,AL,Albania
AT-DF-FD23,Flavius Daniliuc,24,DF,23,188,-,AT,Austria
AT-DF-KD25,Kevin Danso,3,DF,25,188,85,AT,Austria
AT-DF-LQ20,Leopold Querfeld,14,DF,20,188,83,AT,Austria
AT-DF-MW26,Maximilian Wöber,2,DF,26,188,84,AT,Austria
AT-DF-PL28,Philipp Lienhart,15,DF,28,188,83,AT,Austria
AT-DF-PM30,Philipp Mwene,16,DF,30,170,68,AT,Austria
AT-DF-SL32,Stefan Lainer,21,DF,32,173,73,AT,Austria
AT-DF-SP27,Stefan Posch,5,DF,27,188,82,AT,Austria
AT-FW-AW33,Andreas Weimann,7,FW,33,178,76,AT,Austria
AT-FW-CL22,Christoph Lang,26,FW,22,178,71,AT,Austria
AT-FW-ME27,Maximilian Entrup,23,FW,27,185,75,AT,Austria
AT-FW-MG30,Michael Gregoritsch,11,FW,30,191,91,AT,Austria
AT-GK-AS28,Alexander Schlager,1,GK,28,183,77,AT,Austria
AT-GK-PP27,Patrick Pentz,13,GK,27,183,80,AT,Austria
AT-GK-TL24,Tobias Lawal,12,GK,24,193,84,AT,Austria
AT-MF-AP23,Alexander Prass,8,MF,23,178,-,AT,Austria
AT-MF-CB25,Christoph Baumgartner,19,MF,25,178,73,AT,Austria
AT-MF-FG29,Florian Grillitsch,10,MF,29,185,77,AT,Austria
AT-MF-KL27,Konrad Laimer,20,MF,27,178,72,AT,Austria
AT-MF-MS23,Matthias Seidl,22,MF,23,175,-,AT,Austria
AT-MF-MS24,Muhammed-Cham Saracevic,25,MF,24,178,67,AT,Austria
AT-MF-MS30,Marcel Sabitzer,9,MF,30,178,76,AT,Austria
AT-MF-NS23,Nicolas Seiwald,6,MF,23,178,70,AT,Austria
AT-MF-PW23,Patrick Wimmer,17,MF,23,180,77,AT,Austria
AT-MF-RS24,Romano Schmid,18,MF,24,168,73,AT,Austria
AT-MF-XS26,Xaver Schlager,4,MF,26,173,76,AT,Austria
BE-DF-AT24,Arthur Theate,3,DF,24,183,78,BE,Belgium
BE-DF-JV37,Jan Vertonghen,5,DF,37,188,79,BE,Belgium
BE-DF-KD22,Koni De Winter,24,DF,22,188,-,BE,Belgium
BE-DF-TC28,Timothy Castagne,21,DF,28,183,80,BE,Belgium
BE-DF-TM32,Thomas Meunier,15,DF,32,191,90,BE,Belgium
BE-DF-WF26,Wout Faes,4,DF,26,185,84,BE,Belgium
BE-DF-ZD20,Zeno Debast,2,DF,20,188,73,BE,Belgium
BE-FW-CD23,Charles De Ketelaere,17,FW,23,191,74,BE,Belgium
BE-FW-DL26,Dodi Lukebakio,14,FW,26,185,77,BE,Belgium
BE-FW-JB21,Johan Bakayoko,19,FW,21,178,-,BE,Belgium
BE-FW-JD22,Jeremy Doku,7,FW,22,173,68,BE,Belgium
BE-FW-LO24,Lois Openda,9,FW,24,173,70,BE,Belgium
BE-FW-LT29,Leandro Trossard,11,FW,29,170,61,BE,Belgium
BE-FW-MB30,Michy Batshuayi,23,FW,30,183,78,BE,Belgium
BE-FW-OD24,Olivier Deman,16,FW,24,180,67,BE,Belgium
BE-FW-RL31,Romelu Lukaku,10,FW,31,188,93,BE,Belgium
BE-GK-AB26,Arnaud Bodart,25,GK,26,183,75,BE,Belgium
BE-GK-KC32,Koen Casteels,1,GK,32,196,78,BE,Belgium
BE-GK-MS32,Matz Sels,13,GK,32,188,75,BE,Belgium
BE-GK-TK31,Thomas Kaminski,12,GK,31,188,70,BE,Belgium
BE-MF-AO22,Amadou Onana,6,MF,22,191,76,BE,Belgium
BE-MF-AV19,Arthur Vermeeren,20,MF,19,175,-,BE,Belgium
BE-MF-AV21,Aster Vranckx,22,MF,21,183,78,BE,Belgium
BE-MF-OM26,Orel Mangala,18,MF,26,178,79,BE,Belgium
BE-MF-YT27,Youri Tielemans,8,MF,27,175,72,BE,Belgium
CH-DF-BO22,Becir Omeragić,24,DF,22,185,76,CH,Switzerland
CH-DF-CZ26,Cédric Zesiger,15,DF,26,193,88,CH,Switzerland
CH-DF-EC26,Eray Cömert,18,DF,26,183,80,CH,Switzerland
CH-DF-FS32,Fabián Schär,22,DF,32,185,85,CH,Switzerland
CH-DF-KM29,Kevin Mbabu,2,DF,29,183,80,CH,Switzerland
CH-DF-MA29,Manuel Akanji,5,DF,29,185,90,CH,Switzerland
CH-DF-NE27,Nico Elvedi,4,DF,27,188,84,CH,Switzerland
CH-DF-RR32,Ricardo Rodríguez,13,DF,32,178,81,CH,Switzerland
CH-DF-SW31,Silvan Widmer,3,DF,31,183,77,CH,Switzerland
CH-DF-UG28,Ulisses Garcia,15,DF,28,183,82,CH,Switzerland
CH-FW-DN23,Dan Ndoye,19,FW,23,183,78,CH,Switzerland
CH-FW-NO24,Noah Okafor,9,FW,24,183,85,CH,Switzerland
CH-FW-RS32,Renato Steffen,11,FW,32,168,65,CH,Switzerland
CH-FW-ZA23,Zeki Amdouni,7,FW,23,183,79,CH,Switzerland
CH-GK-Dv29,David von Ballmoos,21,GK,29,191,88,CH,Switzerland
CH-GK-GK26,Gregor Kobel,21,GK,26,193,88,CH,Switzerland
CH-GK-JO30,Jonas Omlin,12,GK,30,188,85,CH,Switzerland
CH-GK-YM30,Yvon Mvogo,12,GK,30,188,84,CH,Switzerland
CH-GK-YS35,Yann Sommer,1,GK,35,183,79,CH,Switzerland
CH-MF-DK26,Dereck Kutesa,26,MF,26,175,67,CH,Switzerland
CH-MF-DZ27,Denis Zakaria,6,MF,27,188,81,CH,Switzerland
CH-MF-GX31,Granit Xhaka,10,MF,31,185,80,CH,Switzerland
CH-MF-MA27,Michel Aebischer,20,MF,27,183,74,CH,Switzerland
CH-MF-RF32,Remo Freuler,8,MF,32,180,80,CH,Switzerland
CH-MF-RV26,Ruben Vargas,17,MF,26,178,68,CH,Switzerland
CH-MF-UB24,Uran Bislimi,16,MF,24,183,76,CH,Switzerland
CH-MF-VS28,Vincent Sierro,25,MF,28,185,79,CH,Switzerland
CH-MF-XS32,Xherdan Shaqiri,23,MF,32,168,78,CH,Switzerland
CZ-DF-AG23,Adam Gabriel,5,DF,23,188,84,CZ,Czechia
CZ-DF-DD26,David Douděra,18,DF,26,173,75,CZ,Czechia
CZ-DF-DJ24,David Jurásek,15,DF,24,183,77,CZ,Czechia
CZ-DF-DZ23,David Zima,2,DF,23,188,-,CZ,Czechia
CZ-DF-JZ32,Jaroslav Zelený,6,DF,32,188,81,CZ,Czechia
CZ-DF-RH24,Robin Hranáč,21,DF,24,190,-,CZ,Czechia
CZ-DF-TV23,Tomáš Vlček,17,DF,23,180,-,CZ,Czechia
CZ-FW-AH22,Adam Hložek,9,FW,22,188,84,CZ,Czechia
CZ-FW-LP27,Lukáš Provod,14,FW,27,188,-,CZ,Czechia
CZ-FW-MC25,Mojmír Chytil,13,FW,25,185,82,CZ,Czechia
CZ-FW-MJ20,Matěj Jurásek,12,FW,20,180,-,CZ,Czechia
CZ-FW-PS28,Patrik Schick,10,FW,28,191,87,CZ,Czechia
CZ-FW-TC29,Tomáš Chorý,19,FW,29,198,102,CZ,Czechia
CZ-GK-JS28,Jindřich Staněk,1,GK,28,191,93,CZ,Czechia
CZ-GK-MK24,Matěj Kovář,16,GK,24,183,77,CZ,Czechia
CZ-GK-VJ23,Vítězslav Jaroš,23,GK,23,185,73,CZ,Czechia
CZ-MF-AB29,Antonín Barák,7,MF,29,188,86,CZ,Czechia
CZ-MF-LK25,Ladislav Krejčí II,4,MF,25,191,70,CZ,Czechia
CZ-MF-MS25,Michal Sadílek,8,MF,25,168,65,CZ,Czechia
CZ-MF-OL25,Ondřej Lingr,20,MF,25,173,70,CZ,Czechia
CZ-MF-PS23,Pavel Šulc,11,MF,23,175,70,CZ,Czechia
CZ-MF-TH31,Tomáš Holeš,3,MF,31,178,73,CZ,Czechia
CZ-MF-TS29,Tomáš Souček,22,MF,29,191,86,CZ,Czechia
DE-DF-AR31,Antonio Rüdiger,2,DF,31,188,85,DE,Germany
DE-DF-BH27,Benjamin Henrichs,16,DF,27,183,79,DE,Germany
DE-DF-DR26,David Raum,22,DF,26,178,75,DE,Germany
DE-DF-JT28,Jonathan Tah,4,DF,28,193,94,DE,Germany
DE-DF-MH35,Mats Hummels,5,DF,35,191,94,DE,Germany
DE-DF-MT22,Malick Thiaw,3,DF,22,193,89,DE,Germany
DE-DF-NS28,Niklas Süle,15,DF,28,193,97,DE,Germany
DE-FW-LS28,Leroy Sané,19,FW,28,183,80,DE,Germany
DE-FW-MD30,Marvin Ducksch,20,FW,30,188,79,DE,Germany
DE-FW-NF31,Niclas Füllkrug,9,FW,31,188,78,DE,Germany
DE-FW-SG29,Serge Gnabry,10,FW,29,175,77,DE,Germany
DE-FW-TM34,Thomas Müller,13,FW,34,183,76,DE,Germany
DE-GK-JB33,Janis Blaswich,24,GK,33,191,88,DE,Germany
DE-GK-KT34,Kevin Trapp,12,GK,34,188,88,DE,Germany
DE-GK-Mt32,Marc-André ter Stegen,1,GK,32,185,85,DE,Germany
DE-GK-OB34,Oliver Baumann,26,GK,34,185,82,DE,Germany
DE-MF-CF26,Chris Führich,25,MF,26,180,70,DE,Germany
DE-MF-FN23,Felix Nmecha,8,MF,23,188,73,DE,Germany
DE-MF-FW21,Florian Wirtz,17,MF,21,175,71,DE,Germany
DE-MF-GP29,Grischa Prömel,3,MF,29,178,75,DE,Germany
DE-MF-İG33,İlkay Gündoğan,21,MF,33,178,79,DE,Germany
DE-MF-JB28,Julian Brandt,11,MF,28,183,83,DE,Germany
DE-MF-JH32,Jonas Hofmann,18,MF,32,175,72,DE,Germany
DE-MF-JK29,Joshua Kimmich,6,MF,29,175,75,DE,Germany
DE-MF-KH25,Kai Havertz,7,MF,25,188,77,DE,Germany
DE-MF-LG29,Leon Goretzka,8,MF,29,188,82,DE,Germany
DE-MF-PG33,Pascal Groß,14,MF,33,180,78,DE,Germany
DE-MF-RA29,Robert Andrich,23,MF,29,185,85,DE,Germany
DK-DF-AB26,Alexander Bah,18,DF,26,183,76,DK,Denmark
DK-DF-AC28,Andreas Christensen,6,DF,28,191,82,DK,Denmark
DK-DF-EJ21,Elias Jelert Kristensen,26,DF,21,178,-,DK,Denmark
DK-DF-JA28,Joachim Andersen,2,DF,28,191,87,DK,Denmark
DK-DF-JM27,Joakim Mæhle,5,DF,27,183,79,DK,Denmark
DK-DF-JR27,Jacob Rasmussen,6,DF,27,188,81,DK,Denmark
DK-DF-JV32,Jannik Vestergaard,3,DF,32,198,98,DK,Denmark
DK-DF-MR25,Mads Roerslev Rasmussen,18,DF,25,175,72,DK,Denmark
DK-DF-SK35,Simon Kjær,4,DF,35,191,86,DK,Denmark
DK-DF-VK21,Victor Kristiansen,17,DF,21,180,-,DK,Denmark
DK-DF-VN25,Victor Nelsson,13,DF,25,183,78,DK,Denmark
DK-FW-AS24,Andreas Skov Olsen,11,FW,24,185,79,DK,Denmark
DK-FW-JW25,Jonas Wind,19,FW,25,188,82,DK,Denmark
DK-FW-KD26,Kasper Dolberg,12,FW,26,185,82,DK,Denmark
DK-FW-MD22,Mohammed Daramy,11,FW,22,180,-,DK,Denmark
DK-FW-MD24,Mikkel Damsgaard,14,FW,24,178,70,DK,Denmark
DK-FW-RH21,Rasmus Højlund,9,FW,21,191,-,DK,Denmark
DK-FW-YP30,Yussuf Poulsen,20,FW,30,191,84,DK,Denmark
DK-GK-AH29,Andreas Hansen,1,GK,29,183,70,DK,Denmark
DK-GK-FR32,Frederik Ronnow,22,GK,32,188,77,DK,Denmark
DK-GK-KS37,Kasper Schmeichel,1,GK,37,188,89,DK,Denmark
DK-GK-MH24,Mads Hermansen,16,GK,24,185,78,DK,Denmark
DK-MF-AD26,Anders Dreyer,24,MF,26,173,69,DK,Denmark
DK-MF-CE32,Christian Eriksen,10,MF,32,180,65,DK,Denmark
DK-MF-CN30,Christian Nørgaard,15,MF,30,185,77,DK,Denmark
DK-MF-GI23,Gustav Isaksen,25,MF,23,178,68,DK,Denmark
DK-MF-MH25,Morten Hjulmand,21,MF,25,183,77,DK,Denmark
DK-MF-MJ28,Mathias Jensen,7,MF,28,178,68,DK,Denmark
DK-MF-MO23,Matt O'Riley,15,MF,23,185,-,DK,Denmark
DK-MF-PH29,Pierre-Emile Højbjerg,23,MF,29,185,84,DK,Denmark
DK-MF-TD33,Thomas Delaney,8,MF,33,178,79,DK,Denmark
ENG-DF-BC27,Ben Chilwell,3,DF,27,178,71,ENG,England
ENG-DF-EK26,Ezri Konsa,2,DF,26,183,77,ENG,England
ENG-DF-HM31,Harry Maguire,6,DF,31,191,100,ENG,England
ENG-DF-JG27,Joe Gomez,12,DF,27,188,77,ENG,England
ENG-DF-JS30,John Stones,5,DF,30,188,70,ENG,England
ENG-DF-KW34,Kyle Walker,2,DF,34,178,70,ENG,England
ENG-DF-LD32,Lewis Dunk,6,DF,32,191,77,ENG,England
ENG-DF-RL19,Rico Lewis,16,DF,19,169,-,ENG,England
ENG-FW-HK31,Harry Kane,20,FW,31,188,65,ENG,England
ENG-FW-IT28,Ivan Toney,17,FW,28,178,70,ENG,England
ENG-FW-JB27,Jarrod Bowen,18,FW,27,173,70,ENG,England
ENG-FW-MR26,Marcus Rashford,19,FW,26,178,70,ENG,England
ENG-FW-OW28,Ollie Watkins,9,FW,28,178,70,ENG,England
ENG-GK-AR26,Aaron Ramsdale,13,GK,26,188,77,ENG,England
ENG-GK-JP30,Jordan Pickford,1,GK,30,183,77,ENG,England
ENG-GK-JT21,James Trafford,22,GK,21,192,-,ENG,England
ENG-GK-SJ31,Sam Johnstone,13,GK,31,191,80,ENG,England
ENG-MF-AG23,Anthony Gordon,11,MF,23,173,65,ENG,England
ENG-MF-BS22,Bukayo Saka,7,MF,22,178,65,ENG,England
ENG-MF-CG24,Conor Gallagher,8,MF,24,183,74,ENG,England
ENG-MF-CP22,Cole Palmer,23,MF,22,180,-,ENG,England
ENG-MF-DR25,Declan Rice,4,MF,25,183,80,ENG,England
ENG-MF-JB21,Jude Bellingham,10,MF,21,185,75,ENG,England
ENG-MF-JB22,Jarrad Branthwaite,15,MF,22,193,-,ENG,England
ENG-MF-JH34,Jordan Henderson,14,MF,34,183,67,ENG,England
ENG-MF-JM27,James Maddison,20,MF,27,173,73,ENG,England
ENG-MF-KM19,Kobbie Mainoo,21,MF,19,173,-,ENG,England
ENG-MF-PF24,Phil Foden,7,MF,24,178,70,ENG,England
ES-DF-AG28,Alex Grimaldo,3,DF,28,170,68,ES,Spain
ES-DF-AL30,Aymeric Laporte,14,DF,30,188,87,ES,Spain
ES-DF-DC32,Dani Carvajal,20,DF,32,173,73,ES,Spain
ES-DF-DV25,Dani Vivian,25,DF,25,183,82,ES,Spain
ES-DF-JN38,Jesús Navas,22,DF,38,170,60,ES,Spain
ES-DF-MC26,Marc Cucurella,2,DF,26,170,66,ES,Spain
ES-DF-PC-,Pau Cubarsi Paredes,26,DF,-,184,-,ES,Spain
ES-DF-PP24,Pedro Porro,24,DF,24,173,71,ES,Spain
ES-DF-RL27,Robin Le Normand,5,DF,27,185,80,ES,Spain
ES-FW-ÁM31,Álvaro Morata,7,FW,31,188,84,ES,Spain
ES-FW-GM32,Gerard Moreno,9,FW,32,178,77,ES,Spain
ES-FW-LY17,Lamine Yamal Nasraqui Ebana,19,FW,17,178,-,ES,Spain
ES-FW-MJ34,Mato Joselu,12,FW,34,191,80,ES,Spain
ES-FW-MO27,Mikel Oyarzabal,21,FW,27,180,78,ES,Spain
ES-FW-NW22,Nico Williams,11,FW,22,180,67,ES,Spain
ES-FW-PS32,Pablo Sarabia,17,FW,32,178,70,ES,Spain
ES-GK-AR29,Alex Remiro,13,GK,29,191,79,ES,Spain
ES-GK-DR28,David Raya,1,GK,28,183,80,ES,Spain
ES-GK-US27,Unai Simón,23,GK,27,188,88,ES,Spain
ES-MF-AB23,Alex Baena,15,MF,23,173,-,ES,Spain
ES-MF-DO26,Dani Olmo,10,MF,26,178,72,ES,Spain
ES-MF-FR28,Fabián Ruiz,8,MF,28,188,70,ES,Spain
ES-MF-MM28,Mikel Merino,6,MF,28,188,83,ES,Spain
ES-MF-MZ25,Martín Zubimendi,4,MF,25,178,74,ES,Spain
ES-MF-OS24,Oihan Sancet,18,MF,24,188,72,ES,Spain
ES-MF-R28,Rodri,16,MF,28,188,78,ES,Spain
FR-DF-BP28,Benjamin Pavard,2,DF,28,185,81,FR,France
FR-DF-DU25,Dayot Upamecano,4,DF,25,185,90,FR,France
FR-DF-IK25,Ibrahima Konaté,13,DF,25,193,84,FR,France
FR-DF-JC31,Jonathan Clauss,3,DF,31,178,67,FR,France
FR-DF-JK25,Jules Koundé,5,DF,25,178,70,FR,France
FR-DF-LH28,Lucas Hernández,21,DF,28,183,79,FR,France
FR-DF-TH26,Theo Hernández,22,DF,26,183,81,FR,France
FR-DF-WS23,William Saliba,17,DF,23,191,83,FR,France
FR-FW-AG33,Antoine Griezmann,7,FW,33,173,73,FR,France
FR-FW-KM25,Kylian Mbappé,10,FW,25,178,73,FR,France
FR-FW-MD25,Moussa Diaby,20,FW,25,168,67,FR,France
FR-FW-MT27,Marcus Thuram,15,FW,27,191,90,FR,France
FR-FW-OD27,Ousmane Dembélé,11,FW,27,178,67,FR,France
FR-FW-OG37,Olivier Giroud,9,FW,37,191,91,FR,France
FR-FW-RK25,Randal Kolo Muani,12,FW,25,185,73,FR,France
FR-GK-AA31,Alphonse Areola,23,GK,31,193,94,FR,France
FR-GK-BS30,Brice Samba,1,GK,30,185,79,FR,France
FR-GK-MM29,Mike Maignan,16,GK,29,191,89,FR,France
FR-MF-AR29,Adrien Rabiot,14,MF,29,191,71,FR,France
FR-MF-AT24,Aurélien Tchouaméni,8,MF,24,185,80,FR,France
FR-MF-EC21,Eduardo Camavinga,6,MF,21,180,68,FR,France
FR-MF-MG25,Mattéo Guendouzi,7,MF,25,183,68,FR,France
FR-MF-WZ18,Warren Zaïre-Emery,18,MF,18,178,-,FR,France
FR-MF-YF25,Youssouf Fofana,19,MF,25,178,74,FR,France
GE-DF-GG23,Giorgi Gocholeishvili,13,DF,23,178,-,GE,Georgia
GE-DF-GG33,Giorgi Gvelesiani,15,DF,33,191,86,GE,Georgia
GE-DF-GK37,Guram Kashia,4,DF,37,183,78,GE,Georgia
GE-DF-LD29,Lasha Dvali,3,DF,29,191,80,GE,Georgia
GE-DF-LL26,Luka Lochoshvili,14,DF,26,191,84,GE,Georgia
GE-DF-OK29,Otar Kakabadze,2,DF,29,183,76,GE,Georgia
GE-DF-SK32,Saba Kverkvelia,5,DF,32,196,87,GE,Georgia
GE-DF-SS22,Saba Sazonov,15,DF,22,191,-,GE,Georgia
GE-FW-AM23,Anzor Mekvabishvili,21,FW,23,170,63,GE,Georgia
GE-FW-BZ30,Budu Zivzivadze,8,FW,30,188,81,GE,Georgia
GE-FW-GK30,Giorgi Kvilitaia,11,FW,30,191,74,GE,Georgia
GE-GK-GL38,Giorgi Loria,1,GK,38,196,85,GE,Georgia
GE-GK-GM23,Giorgi Mamardashvili,12,GK,23,198,-,GE,Georgia
GE-GK-LG25,Luka Gugeshashvili,23,GK,25,196,80,GE,Georgia
GE-MF-GC24,Giorgi Chakvetadze,10,MF,24,183,-,GE,Georgia
GE-MF-GK25,Giorgi Kochorashvili,6,MF,25,175,74,GE,Georgia
GE-MF-GM23,Georges Mikautadze,22,MF,23,175,71,GE,Georgia
GE-MF-JK38,Jaba Kankava,20,MF,38,178,75,GE,Georgia
GE-MF-KK23,Khvicha Kvaratskhelia,7,MF,23,180,70,GE,Georgia
GE-MF-LS28,Levan Shengelia,19,MF,28,183,79,GE,Georgia
GE-MF-NK32,Nika Kvekveskiri,16,MF,32,183,80,GE,Georgia
GE-MF-OK28,Otar Kiteishvili,17,MF,28,173,65,GE,Georgia
GE-MF-SA27,Sandro Altunashvili,18,MF,27,168,-,GE,Georgia
GE-MF-VM26,Vladimer Mamuchashvili,18,MF,26,175,-,GE,Georgia
GE-MF-ZD23,Zurab Davitashvili,9,MF,23,173,63,GE,Georgia
HR-DF-BS26,Borna Sosa,19,DF,26,185,79,HR,Croatia
HR-DF-DĆ27,Duje Ćaleta-Car,6,DF,27,191,89,HR,Croatia
HR-DF-DV35,Domagoj Vida,21,DF,35,183,73,HR,Croatia
HR-DF-JG22,Joško Gvardiol,4,DF,22,183,80,HR,Croatia
HR-DF-JJ29,Josip Juranović,22,DF,29,173,69,HR,Croatia
HR-DF-JS24,Josip Stanišić,2,DF,24,185,77,HR,Croatia
HR-DF-JS24,Josip Šutalo,6,DF,24,188,82,HR,Croatia
HR-DF-ME26,Martin Erlić,5,DF,26,191,78,HR,Croatia
HR-DF-MP26,Marin Pongračić,3,DF,26,188,95,HR,Croatia
HR-FW-AB33,Ante Budimir,17,FW,33,188,75,HR,Croatia
HR-FW-AK33,Andrej Kramarić,9,FW,33,175,73,HR,Croatia
HR-FW-BP29,Bruno Petković,17,FW,29,191,88,HR,Croatia
HR-FW-IP35,Ivan Perišić,,FW,35,185,77,HR,Croatia
HR-FW-MP23,Marco Pašalić,24,FW,23,175,74,HR,Croatia
HR-FW-MP29,Marko Pjaca,20,FW,29,185,83,HR,Croatia
HR-GK-DK24,Dominik Kotarski,25,GK,24,188,-,HR,Croatia
HR-GK-DL29,Dominik Livaković,1,GK,29,188,79,HR,Croatia
HR-GK-II29,Ivica Ivušić,23,GK,29,193,85,HR,Croatia
HR-GK-NL24,Nediljko Labrović,12,GK,24,196,91,HR,Croatia
HR-MF-LI25,Luka Ivanušec,18,MF,25,173,76,HR,Croatia
HR-MF-LM26,Lovro Majer,7,MF,26,178,75,HR,Croatia
HR-MF-LM39,Luka Modrić,10,MF,39,170,66,HR,Croatia
HR-MF-LS21,Luka Sučić,14,MF,21,183,80,HR,Croatia
HR-MF-MB21,Martin Baturina,8,MF,21,170,-,HR,Croatia
HR-MF-MB31,Marcelo Brozović,11,MF,31,180,68,HR,Croatia
HR-MF-MK30,Mateo Kovačić,8,MF,30,175,77,HR,Croatia
HR-MF-MP29,Mario Pašalić,15,MF,29,188,78,HR,Croatia
HR-MF-NM26,Nikola Moro,16,MF,26,183,77,HR,Croatia
HR-MF-NV26,Nikola Vlašić,13,MF,26,178,72,HR,Croatia
HU-DF-ÁL31,Ádám Lang,2,DF,31,188,77,HU,Hungary
HU-DF-AM24,Attila Mocsi,3,DF,24,183,-,HU,Hungary
HU-DF-AS26,Attila Szalai,4,DF,26,191,83,HU,Hungary
HU-DF-BB22,Botond Balogh,5,DF,22,183,76,HU,Hungary
HU-DF-MD22,Márton Dárdai,23,DF,22,188,77,HU,Hungary
HU-DF-SG24,Sándor Gábor Szalai,25,DF,24,183,-,HU,Hungary
HU-DF-WO31,Willi Orbán,6,DF,31,185,87,HU,Hungary
HU-DF-ZN31,Zsolt Nagy,18,DF,31,188,-,HU,Hungary
HU-FW-AM29,Ádám Martin,9,FW,29,191,83,HU,Hungary
HU-FW-BV29,Barnabás Varga,19,FW,29,180,74,HU,Hungary
HU-FW-DG28,Dániel Gazdag,16,FW,28,178,76,HU,Hungary
HU-FW-DS23,Dominik Szoboszlai,10,FW,23,185,74,HU,Hungary
HU-FW-ZV19,Zalán Vancsa,24,FW,19,175,-,HU,Hungary
HU-GK-BT26,Balázs Tóth,22,GK,26,188,-,HU,Hungary
HU-GK-DD33,Dénes Dibusz,1,GK,33,188,81,HU,Hungary
HU-GK-PG34,Péter Gulácsi,12,GK,34,191,86,HU,Hungary
HU-MF-ÁN29,Ádám Nagy,8,MF,29,178,74,HU,Hungary
HU-MF-AS25,András Schäfer,13,MF,25,178,70,HU,Hungary
HU-MF-BB24,Bendegúz Bolla,14,MF,24,178,72,HU,Hungary
HU-MF-CS24,Callum Styles,17,MF,24,165,60,HU,Hungary
HU-MF-KH22,Krisztofer Horváth,21,MF,22,170,-,HU,Hungary
HU-MF-LK30,László Kleinheisler,15,MF,30,173,70,HU,Hungary
HU-MF-LN33,Loïc Négo,7,MF,33,180,64,HU,Hungary
HU-MF-MK20,Milos Kerkez,11,MF,20,175,-,HU,Hungary
HU-MF-RS27,Roland Sallai,20,MF,27,183,75,HU,Hungary
IT-DF-AB25,Alessandro Bastoni,23,DF,25,188,81,IT,Italy
IT-DF-AB26,Alessandro Buongiorno,4,DF,26,191,82,IT,Italy
IT-DF-FD26,Federico Dimarco,3,DF,26,180,72,IT,Italy
IT-DF-GD31,Giovanni Di Lorenzo,2,DF,31,180,83,IT,Italy
IT-DF-GM28,Gianluca Mancini,16,DF,28,188,77,IT,Italy
IT-DF-GS20,Giorgio Scalvini,15,DF,20,193,-,IT,Italy
IT-DF-ID21,Iyenoma Destiny Udogie,6,DF,21,185,-,IT,Italy
IT-DF-MD34,Matteo Darmian,13,DF,34,180,70,IT,Italy
IT-DF-RB24,Raoul Bellanova,25,DF,24,188,82,IT,Italy
IT-FW-GR24,Giacomo Raspadori,11,FW,24,170,69,IT,Italy
IT-FW-LL23,Lorenzo Lucca,,FW,23,201,-,IT,Italy
IT-FW-MR25,Mateo Retegui,9,FW,25,185,81,IT,Italy
IT-FW-RO27,Riccardo Orsolini,17,FW,27,183,73,IT,Italy
IT-GK-AM27,Alex Meret,21,GK,27,183,77,IT,Italy
IT-GK-GD25,Gianluigi Donnarumma,1,GK,25,196,90,IT,Italy
IT-GK-GV27,Guglielmo Vicario,12,GK,27,188,83,IT,Italy
IT-GK-MC24,Marco Carnesecchi,21,GK,24,191,83,IT,Italy
IT-MF-AC24,Andrea Cambiaso,24,MF,24,180,-,IT,Italy
IT-MF-DF24,Davide Frattesi,19,MF,24,183,74,IT,Italy
IT-MF-FC26,Federico Chiesa,14,MF,26,173,70,IT,Italy
IT-MF-GB35,Giacomo Bonaventura,7,MF,35,178,75,IT,Italy
IT-MF-J32,Jorginho,8,MF,32,178,65,IT,Italy
IT-MF-LP28,Lorenzo Pellegrini,10,MF,28,185,77,IT,Italy
IT-MF-MF26,Michael Folorunsho,26,MF,26,183,-,IT,Italy
IT-MF-ML26,Manuel Locatelli,5,MF,26,178,70,IT,Italy
IT-MF-MZ29,Mattia Zaccagni,20,MF,29,175,63,IT,Italy
IT-MF-NB27,Nicolò Barella,18,MF,27,170,68,IT,Italy
IT-MF-NZ25,Nicolò Zaniolo,22,MF,25,188,79,IT,Italy
NL-DF-DB34,Daley Blind,17,DF,34,178,72,NL,Netherlands
NL-DF-JF23,Jeremie Frimpong,21,DF,23,170,65,NL,Netherlands
NL-DF-LG24,Lutsharel Geertruida,2,DF,24,178,75,NL,Netherlands
NL-DF-Md25,Matthijs de Ligt,3,DF,25,188,89,NL,Netherlands
NL-DF-Mv23,Micky van de Ven,3,DF,23,191,81,NL,Netherlands
NL-DF-NA29,Nathan Aké,5,DF,29,178,75,NL,Netherlands
NL-DF-QH22,Quilindschy Hartman,12,DF,22,183,-,NL,Netherlands
NL-DF-Sd32,Stefan de Vrij,6,DF,32,188,78,NL,Netherlands
NL-DF-Vv33,Virgil van Dijk,4,DF,33,193,92,NL,Netherlands
NL-FW-BB22,Brian Brobbey,,FW,22,178,78,NL,Netherlands
NL-FW-CG25,Cody Gakpo,11,FW,25,191,76,NL,Netherlands
NL-FW-DM25,Donyell Malen,18,FW,25,175,68,NL,Netherlands
NL-FW-JZ23,Joshua Zirkzee,,FW,23,191,89,NL,Netherlands
NL-FW-MD30,Memphis Depay,10,FW,30,178,78,NL,Netherlands
NL-FW-WW32,Wout Weghorst,9,FW,32,196,82,NL,Netherlands
NL-GK-BV21,Bart Verbruggen,1,GK,21,191,-,NL,Netherlands
NL-GK-MB33,Marco Bizot,13,GK,33,191,85,NL,Netherlands
NL-GK-MF31,Mark Flekken,23,GK,31,193,87,NL,Netherlands
NL-GK-NO29,Nick Olij,,GK,29,188,74,NL,Netherlands
NL-MF-DD28,Denzel Dumfries,22,MF,28,183,80,NL,Netherlands
NL-MF-Fd27,Frenkie de Jong,,MF,27,180,74,NL,Netherlands
NL-MF-GW33,Georginio Wijnaldum,8,MF,33,173,74,NL,Netherlands
NL-MF-JS27,Jerdy Schouten,6,MF,27,183,72,NL,Netherlands
NL-MF-JV25,Joey Veerman,16,MF,25,183,-,NL,Netherlands
NL-MF-Md33,Marten de Roon,15,MF,33,185,76,NL,Netherlands
NL-MF-MW24,Mats Wieffer,19,MF,24,188,-,NL,Netherlands
NL-MF-QT23,Quinten Timber,12,MF,23,175,-,NL,Netherlands
NL-MF-TK26,Teun Koopmeiners,20,MF,26,183,77,NL,Netherlands
NL-MF-TR26,Tijani Reijnders,14,MF,26,183,-,NL,Netherlands
NL-MF-XS21,Xavi Simons,7,MF,21,178,58,NL,Netherlands
PL-DF-BB32,Bartosz Bereszyński,18,DF,32,180,78,PL,Poland
PL-DF-BS33,Bartosz Salamon,17,DF,33,196,89,PL,Poland
PL-DF-JB28,Jan Bednarek,5,DF,28,188,77,PL,Poland
PL-DF-JK24,Jakub Kiwior,14,DF,24,188,75,PL,Poland
PL-DF-PD29,Paweł Dawidowicz,3,DF,29,188,80,PL,Poland
PL-DF-SW24,Sebastian Walukiewicz,2,DF,24,188,85,PL,Poland
PL-DF-TP25,Tymoteusz Puchacz,4,DF,25,178,81,PL,Poland
PL-FW-AB28,Adam Buksa,15,FW,28,191,80,PL,Poland
PL-FW-KP29,Krzysztof Piątek,23,FW,29,183,77,PL,Poland
PL-FW-KŚ27,Karol Świderski,7,FW,27,183,74,PL,Poland
PL-FW-RL36,Robert Lewandowski,9,FW,36,183,81,PL,Poland
PL-GK-ŁS33,Łukasz Skorupski,12,GK,33,185,84,PL,Poland
PL-GK-MB24,Marcin Bułka,22,GK,24,198,99,PL,Poland
PL-GK-WS34,Wojciech Szczęsny,1,GK,34,193,84,PL,Poland
PL-MF-BS25,Bartosz Slisz,8,MF,25,178,70,PL,Poland
PL-MF-DS29,Damian Szymański,16,MF,29,183,70,PL,Poland
PL-MF-JP26,Jakub Piotrowski,6,MF,26,188,78,PL,Poland
PL-MF-KG36,Kamil Grosicki,11,MF,36,178,78,PL,Poland
PL-MF-NZ22,Nicola Zalewski,21,MF,22,173,69,PL,Poland
PL-MF-PF29,Przemysław Frankowski,19,MF,29,173,70,PL,Poland
PL-MF-PZ30,Piotr Zieliński,10,MF,30,175,64,PL,Poland
PL-MF-SS25,Sebastian Szymański,20,MF,25,173,60,PL,Poland
PL-MF-TR32,Taras Romanczuk,13,MF,32,185,73,PL,Poland
PT-DF-AS20,António Silva,4,DF,20,185,79,PT,Portugal
PT-DF-DD25,Diogo Dalot,2,DF,25,183,75,PT,Portugal
PT-DF-DL25,Diogo Leite,5,DF,25,188,70,PT,Portugal
PT-DF-DP32,Danilo Pereira,13,DF,32,188,83,PT,Portugal
PT-DF-GI22,Gonçalo Inácio,14,DF,22,185,78,PT,Portugal
PT-DF-JC30,João Cancelo,20,DF,30,180,74,PT,Portugal
PT-DF-JM24,João Mário,15,DF,24,178,62,PT,Portugal
PT-DF-NM22,Nuno Mendes,19,DF,22,175,70,PT,Portugal
PT-DF-NS30,Nelson Semedo,2,DF,30,175,69,PT,Portugal
PT-DF-P41,Pepe,3,DF,41,188,81,PT,Portugal
PT-DF-RD27,Rúben Dias,4,DF,27,185,83,PT,Portugal
PT-DF-RG30,Raphael Guerreiro,5,DF,30,168,71,PT,Portugal
PT-DF-TG25,Toti Gomes,13,DF,25,185,72,PT,Portugal
PT-FW-B29,Bruma,17,FW,29,173,70,PT,Portugal
PT-FW-CC21,Chico Conceição,21,FW,21,168,-,PT,Portugal
PT-FW-CR39,Cristiano Ronaldo,7,FW,39,183,80,PT,Portugal
PT-FW-DM26,Dany Mota,9,FW,26,178,-,PT,Portugal
PT-FW-FT24,Francisco Trincão,,FW,24,183,76,PT,Portugal
PT-FW-GR23,Gonçalo Ramos,9,FW,23,183,77,PT,Portugal
PT-FW-JF24,João Félix,10,FW,24,178,70,PT,Portugal
PT-FW-JS25,Jota Silva,11,FW,25,178,-,PT,Portugal
PT-FW-RL25,Rafael Leão,17,FW,25,188,81,PT,Portugal
PT-GK-DC24,Diogo Costa,22,GK,24,191,80,PT,Portugal
PT-GK-JS31,José Sá,12,GK,31,191,84,PT,Portugal
PT-GK-RP36,Rui Patrício,1,GK,36,188,84,PT,Portugal
PT-GK-SS22,Samuel Soares,22,GK,22,188,83,PT,Portugal
PT-MF-BF29,Bruno Fernandes,8,MF,29,183,64,PT,Portugal
PT-MF-BS30,Bernardo Silva,10,MF,30,173,64,PT,Portugal
PT-MF-JP19,João Pedro Gonçalves Neves,6,MF,19,178,-,PT,Portugal
PT-MF-JP29,João Palhinha,6,MF,29,188,77,PT,Portugal
PT-MF-MN25,Matheus Nunes,23,MF,25,183,78,PT,Portugal
PT-MF-O29,Otávio,16,MF,29,170,56,PT,Portugal
PT-MF-RN27,Rúben Neves,18,MF,27,178,72,PT,Portugal
PT-MF-V24,Vítinha,23,MF,24,170,65,PT,Portugal
RO-DF-AA31,Andrei Artean,15,DF,31,188,-,RO,Romania
RO-DF-AB27,Andrei Burcă,4,DF,27,183,70,RO,Romania
RO-DF-AC22,Andrei Cordea,3,DF,22,188,-,RO,Romania
RO-DF-AC31,Alexandru Cicâldău,22,DF,31,185,84,RO,Romania
RO-DF-AR24,Andrei Rațiu,22,DF,24,183,-,RO,Romania
RO-DF-AS26,Antonio Șefer,11,DF,26,183,78,RO,Romania
RO-DF-AS28,Adrian Șut,17,DF,28,188,-,RO,Romania
RO-DF-GP31,George Puşcaş,11,DF,31,180,72,RO,Romania
RO-DF-HM25,Horațiu Moldovan,1,DF,25,185,75,RO,Romania
RO-DF-RM26,Radu Matei Drăgusin,2,DF,26,183,-,RO,Romania
RO-DF-RM28,Răzvan Marin,5,DF,28,188,79,RO,Romania
RO-DF-VM26,Vlad Mihai Dragomir,,DF,26,185,80,RO,Romania
RO-FW-AP24,Alexandru Păscanu,24,FW,24,180,70,RO,Romania
RO-FW-AR25,Andrei Radu,19,FW,25,178,73,RO,Romania
RO-FW-DA33,Denis Alibec,7,FW,33,185,88,RO,Romania
RO-FW-DC25,Deian Cristian Sorescu,20,FW,25,180,82,RO,Romania
RO-FW-NS28,Nicolae Stanciu,9,FW,28,185,80,RO,Romania
RO-FW-ST24,Ștefan Târnoveanu,13,FW,24,175,60,RO,Romania
RO-FW-VG26,Virgil Ghiță,25,FW,26,180,72,RO,Romania
RO-FW-VM29,Vasile Mogoș,27,FW,29,183,-,RO,Romania
RO-GK-AR26,Adrian Rus,12,GK,26,188,-,RO,Romania
RO-GK-DA37,Denis Alibec,1,GK,37,183,76,RO,Romania
RO-GK-DD24,Denis Drăguș,16,GK,24,185,82,RO,Romania
RO-GK-DO27,Darius Olaru,16,GK,27,188,70,RO,Romania
RO-GK-RO24,Raul Opruț,16,GK,24,196,81,RO,Romania
RO-MF-CM27,Cristian Manea,8,MF,27,178,-,RO,Romania
RO-MF-DM26,Dennis Man,24,MF,26,175,73,RO,Romania
RO-MF-FC25,Florinel Coman,14,MF,25,178,60,RO,Romania
RO-MF-FN31,Florin Niță,10,MF,31,168,63,RO,Romania
RO-MF-FT25,Florin Tănase,,MF,25,178,75,RO,Romania
RO-MF-IH25,Ianis Hagi,6,MF,25,178,69,RO,Romania
RO-MF-IN31,Ionuț Nedelcearu,13,MF,31,185,81,RO,Romania
RO-MF-MA25,Mihai Aioani,21,MF,25,173,71,RO,Romania
RO-MF-MM26,Marius Marin,23,MF,26,173,-,RO,Romania
RO-MF-NB28,Nicuşor Bancu,18,MF,28,173,-,RO,Romania
RO-MF-OM25,Olimpiu Moruțan,26,MF,25,185,-,RO,Romania
RO-MF-VM25,Valentin Mihăilă,23,MF,25,180,-,RO,Romania
RS-DF-AT24,Aleksa Terzić,13,DF,24,183,71,RS,Serbia
RS-DF-EM25,Erhan Masović,13,DF,25,188,82,RS,Serbia
RS-DF-FM33,Filip Mladenović,3,DF,33,180,65,RS,Serbia
RS-DF-MN31,Matija Nastasić,,DF,31,188,83,RS,Serbia
RS-DF-NM26,Nikola Milenković,4,DF,26,193,90,RS,Serbia
RS-DF-SB28,Srdjan Babić,15,DF,28,193,88,RS,Serbia
RS-DF-SE23,Strahinja Eraković,16,DF,23,183,77,RS,Serbia
RS-DF-SP23,Strahinja Pavlović,2,DF,23,193,85,RS,Serbia
RS-FW-AM29,Aleksandar Mitrović,9,FW,29,188,90,RS,Serbia
RS-FW-AŽ28,Andrija Živković,14,FW,28,168,68,RS,Serbia
RS-FW-DT35,Dušan Tadić,10,FW,35,180,76,RS,Serbia
RS-FW-DV24,Dušan Vlahović,18,FW,24,188,78,RS,Serbia
RS-FW-LJ26,Luka Jović,8,FW,26,180,85,RS,Serbia
RS-FW-SB-,Samed Bazdar,21,FW,-,186,-,RS,Serbia
RS-GK-DP24,Đorđe Petrović,12,GK,24,193,89,RS,Serbia
RS-GK-PR28,Predrag Rajković,1,GK,28,191,85,RS,Serbia
RS-GK-VM27,Vanja Milinković-Savić,23,GK,27,201,92,RS,Serbia
RS-MF-FK31,Filip Kostić,11,MF,31,183,84,RS,Serbia
RS-MF-LS22,Lazar Samardžić,19,MF,22,175,-,RS,Serbia
RS-MF-MG28,Milan Gajić,15,MF,28,175,74,RS,Serbia
RS-MF-MG29,Mijat Gaćinović,7,MF,29,173,66,RS,Serbia
RS-MF-SL28,Saša Lukić,22,MF,28,183,77,RS,Serbia
RS-MF-SM29,Sergej Milinković-Savić,20,MF,29,191,76,RS,Serbia
RS-MF-SM30,Srdjan Mijailović,17,MF,30,180,64,RS,Serbia
RS-MF-SZ29,Saša Zdelar,5,MF,29,183,75,RS,Serbia
SCT-DF-AR25,Anthony Ralston,2,DF,25,178,-,SCT,Scotland
SCT-DF-AR30,Andy Robertson,3,DF,30,178,64,SCT,Scotland
SCT-DF-GH32,Grant Hanley,5,DF,32,188,76,SCT,Scotland
SCT-DF-GT26,Greg Taylor,20,DF,26,173,62,SCT,Scotland
SCT-DF-JH29,Jack Hendry,13,DF,29,191,77,SCT,Scotland
SCT-DF-JS27,John Souttar,16,DF,27,183,75,SCT,Scotland
SCT-DF-KT27,Kieran Tierney,6,DF,27,178,70,SCT,Scotland
SCT-DF-LC33,Liam Cooper,5,DF,33,178,73,SCT,Scotland
SCT-DF-NP22,Nathan Patterson,22,DF,22,188,-,SCT,Scotland
SCT-DF-RM26,Ross McCrorie,1,DF,26,188,68,SCT,Scotland
SCT-DF-RP25,Ryan Porteous,15,DF,25,188,-,SCT,Scotland
SCT-DF-SM27,Scott McKenna,16,DF,27,188,73,SCT,Scotland
SCT-FW-CA28,Che Adams,10,FW,28,173,70,SCT,Scotland
SCT-FW-LD28,Lyndon Dykes,9,FW,28,178,60,SCT,Scotland
SCT-FW-LS29,Lawrence Shankland,18,FW,29,183,75,SCT,Scotland
SCT-FW-RC29,Ryan Christie,11,FW,29,178,70,SCT,Scotland
SCT-GK-AG28,Angus Gunn,1,GK,28,196,77,SCT,Scotland
SCT-GK-BR41,Bogdan Racovițan,24,GK,41,191,83,SCT,Scotland
SCT-GK-LK28,Liam Kelly,12,GK,28,188,77,SCT,Scotland
SCT-GK-ZC32,Zander Clark,21,GK,32,191,77,SCT,Scotland
SCT-MF-BG23,Billy Gilmour,14,MF,23,165,65,SCT,Scotland
SCT-MF-CM31,Callum McGregor,8,MF,31,178,67,SCT,Scotland
SCT-MF-JM29,John McGinn,7,MF,29,178,68,SCT,Scotland
SCT-MF-KM32,Kenny McLean,23,MF,32,183,70,SCT,Scotland
SCT-MF-LF24,Lewis Ferguson,19,MF,24,180,-,SCT,Scotland
SCT-MF-SA32,Stuart Armstrong,17,MF,32,183,75,SCT,Scotland
SCT-MF-SM27,Scott McTominay,4,MF,27,191,88,SCT,Scotland
SI-DF-DB25,David Brekalo,23,DF,25,185,88,SI,Slovenia
SI-DF-EJ31,Erik Janza,13,DF,31,173,75,SI,Slovenia
SI-DF-JB29,Jure Balkovec,3,DF,29,183,73,SI,Slovenia
SI-DF-MB31,Miha Blažič,4,DF,31,183,78,SI,Slovenia
SI-DF-PS28,Petar Stojanović,20,DF,28,178,72,SI,Slovenia
SI-DF-VD24,Vanja Drkušić,21,DF,24,185,82,SI,Slovenia
SI-DF-ŽK29,Žan Karničnik,2,DF,29,183,69,SI,Slovenia
SI-FW-AŠ30,Andraž Šporar,9,FW,30,185,80,SI,Slovenia
SI-FW-BS21,Benjamin Seško,11,FW,21,193,-,SI,Slovenia
SI-FW-JM25,Jan Mlakar,17,FW,25,183,78,SI,Slovenia
SI-FW-NZ24,Nino Žugelj,24,FW,24,183,-,SI,Slovenia
SI-FW-TE26,Timi Elšnik,10,FW,26,180,65,SI,Slovenia
SI-FW-ŽC25,Žan Celar,19,FW,25,185,82,SI,Slovenia
SI-FW-ZV22,Žan Vipotnik,18,FW,22,183,-,SI,Slovenia
SI-GK-IV26,Igor Vekić,16,GK,26,191,86,SI,Slovenia
SI-GK-JO31,Jan Oblak,1,GK,31,188,87,SI,Slovenia
SI-GK-VB34,Vid Belec,12,GK,34,191,84,SI,Slovenia
SI-MF-AG25,Adam Gnezda Čerin,22,MF,25,173,-,SI,Slovenia
SI-MF-BV30,Benjamin Verbič,7,MF,30,178,78,SI,Slovenia
SI-MF-JB25,Jaka Bijol,6,MF,25,188,85,SI,Slovenia
SI-MF-JG28,Jon Gorenc Stanković,5,MF,28,188,78,SI,Slovenia
SI-MF-JK35,Jasmin Kurtić,14,MF,35,185,88,SI,Slovenia
SI-MF-SL26,Sandi Lovrić,8,MF,26,178,70,SI,Slovenia
SI-MF-TH25,Tomi Horvat,15,MF,25,173,69,SI,Slovenia
SK-DF-AO21,Adam Obert,4,DF,21,188,-,SK,Slovakia
SK-DF-DH26,David Hancko,16,DF,26,188,79,SK,Slovakia
SK-DF-DV28,Denis Vavro,3,DF,28,188,-,SK,Slovakia
SK-DF-LS28,Ľubomír Satka,5,DF,28,188,78,SK,Slovakia
SK-DF-MK27,Marek Kristián Bartoš,3,DF,27,191,81,SK,Slovakia
SK-DF-MT25,Michal Tomič,14,DF,25,180,77,SK,Slovakia
SK-DF-NG32,Norbert Gyömbér,6,DF,32,188,74,SK,Slovakia
SK-DF-PP37,Peter Pekarík,2,DF,37,175,73,SK,Slovakia
SK-DF-SK20,Sebastián Kosa,2,DF,20,188,80,SK,Slovakia
SK-DF-TN23,Tomáš Nemčík,25,DF,23,188,-,SK,Slovakia
SK-DF-Vd31,Vernon de Marco,15,DF,31,180,73,SK,Slovakia
SK-FW-DD25,David Duriš,21,FW,25,185,-,SK,Slovakia
SK-FW-IS30,Ivan Schranz,18,FW,30,185,80,SK,Slovakia
SK-FW-LS18,Leo Sauer,24,FW,18,178,-,SK,Slovakia
SK-FW-LT26,Ľubomír Tupta,10,FW,26,178,72,SK,Slovakia
SK-FW-RB24,Róbert Boženík,9,FW,24,188,67,SK,Slovakia
SK-FW-RM33,Robert Mak,20,FW,33,178,78,SK,Slovakia
SK-FW-RP28,Róbert Polievka,10,FW,28,180,74,SK,Slovakia
SK-GK-DT25,Dominik Takáč,1,GK,25,193,85,SK,Slovakia
SK-GK-HR27,Henrich Ravas,23,GK,27,191,83,SK,Slovakia
SK-GK-MD35,Martin Dúbravka,1,GK,35,188,80,SK,Slovakia
SK-GK-MR27,Marek Rodák,12,GK,27,193,69,SK,Slovakia
SK-MF-AC30,Aleksandar Čavrić,,MF,30,185,82,SK,Slovakia
SK-MF-DH20,Dominik Holý,26,MF,20,175,73,SK,Slovakia
SK-MF-JK37,Juraj Kucka,19,MF,37,185,80,SK,Slovakia
SK-MF-LB26,László Benés,11,MF,26,180,72,SK,Slovakia
SK-MF-LH28,Lukáš Haraslín,17,MF,28,180,71,SK,Slovakia
SK-MF-MK24,Matúš Kmet,5,MF,24,173,64,SK,Slovakia
SK-MF-OD29,Ondrej Duda,8,MF,29,180,75,SK,Slovakia
SK-MF-PH32,Patrik Hrošovský,13,MF,32,173,69,SK,Slovakia
SK-MF-SL29,Stanislav Lobotka,22,MF,29,168,64,SK,Slovakia
SK-MF-TR22,Tomáš Rigo,18,MF,22,183,-,SK,Slovakia
SK-MF-TS22,Tomáš Suslov,7,MF,22,175,-,SK,Slovakia
TR-DF-AB29,Abdülkerim Bardakçı,14,DF,29,188,80,TR,Turkey
TR-DF-AK21,Ahmetcan Kaplan,,DF,21,188,-,TR,Turkey
TR-DF-CO23,Cenk Özkacar,13,DF,23,188,-,TR,Turkey
TR-DF-FK24,Ferdi Kadıoğlu,20,DF,24,173,68,TR,Turkey
TR-DF-KA29,Kaan Ayhan,22,DF,29,183,84,TR,Turkey
TR-DF-MD26,Merih Demiral,3,DF,26,191,85,TR,Turkey
TR-DF-MM25,Mert Müldür,18,DF,25,188,74,TR,Turkey
TR-DF-OK24,Ozan Kabak,15,DF,24,185,86,TR,Turkey
TR-DF-RY23,Rıdvan Yılmaz,13,DF,23,173,60,TR,Turkey
TR-DF-SA30,Samet Aykadın,4,DF,30,188,83,TR,Turkey
TR-DF-ZC27,Zeki Çelik,2,DF,27,178,-,TR,Turkey
TR-FW-CÜ27,Cengiz Ünder,17,FW,27,173,66,TR,Turkey
TR-FW-EÜ27,Enes Ünal,9,FW,27,185,78,TR,Turkey
TR-FW-KA25,Kerem Aktürkoğlu,7,FW,25,173,68,TR,Turkey
TR-FW-OA23,Oğuz Aydın,26,FW,23,183,-,TR,Turkey
TR-FW-SK18,Semih Kılıçsoy,,FW,18,178,-,TR,Turkey
TR-FW-YA24,Yunus Akgün,24,FW,24,173,65,TR,Turkey
TR-FW-YY27,Yusuf Yazıcı,11,FW,27,183,75,TR,Turkey
TR-GK-MG35,Mert Günok,1,GK,35,196,92,TR,Turkey
TR-GK-MS27,Muhammed Şengezer,12,GK,27,191,75,TR,Turkey
TR-GK-OK29,Okan Koçuk,12,GK,29,185,79,TR,Turkey
TR-GK-UÇ28,Uğurcan Çakır,23,GK,28,191,78,TR,Turkey
TR-MF-AG19,Arda Güler,17,MF,19,175,-,TR,Turkey
TR-MF-AÖ25,Abdülkadir Ömür,20,MF,25,168,62,TR,Turkey
TR-MF-BY24,Barış Yılmaz,21,MF,24,185,-,TR,Turkey
TR-MF-CY18,Can Yılmaz Uzun,25,MF,18,185,-,TR,Turkey
TR-MF-HÇ30,Hakan Çalhanoğlu,10,MF,30,178,76,TR,Turkey
TR-MF-IK29,İrfan Kahveci,8,MF,29,173,67,TR,Turkey
TR-MF-IY25,İsmail Yüksel,16,MF,25,183,-,TR,Turkey
TR-MF-KY19,Kenan Yıldız,19,MF,19,187,-,TR,Turkey
TR-MF-OK23,Orkun Kökçü,6,MF,23,173,70,TR,Turkey
TR-MF-SO26,Salih Özcan,5,MF,26,180,74,TR,Turkey
UA-DF-BM27,Bogdan Mykhaylichenko,3,DF,27,178,68,UA,Ukraine
UA-DF-IZ21,Illia Zabarnyi,13,DF,21,185,81,UA,Ukraine
UA-DF-MM28,Mykola Matvienko,22,DF,28,180,74,UA,Ukraine
UA-DF-MT24,Maksym Talovierov,4,DF,24,193,84,UA,Ukraine
UA-DF-OT27,Oleksandr Tymchyk,21,DF,27,178,67,UA,Ukraine
UA-DF-OZ27,Oleksandr Zinchenko,17,DF,27,173,64,UA,Ukraine
UA-DF-VB22,Volodymyr Brazhko,14,DF,22,183,-,UA,Ukraine
UA-DF-VB25,Valerii Bondar,19,DF,25,170,73,UA,Ukraine
UA-DF-VM25,Vitaliy Mykolenko,16,DF,25,183,71,UA,Ukraine
UA-DF-YK24,Yukhym Konoplya,2,DF,24,178,74,UA,Ukraine
UA-FW-AD27,Artem Dovbyk,11,FW,27,183,76,UA,Ukraine
UA-FW-MM23,Mykhailo Mudryk,10,FW,23,173,61,UA,Ukraine
UA-FW-MS25,Mykola Shaparenko,6,FW,25,175,67,UA,Ukraine
UA-FW-RY28,Roman Yaremchuk,9,FW,28,191,74,UA,Ukraine
UA-FW-VA22,Vladyslav Andriyovych Vanat,18,FW,22,180,-,UA,Ukraine
UA-FW-VT26,Viktor Tsygankov,15,FW,26,173,71,UA,Ukraine
UA-GK-AL25,Andriy Lunin,23,GK,25,191,80,UA,Ukraine
UA-GK-AT23,Anatolii Trubin,12,GK,23,198,86,UA,Ukraine
UA-GK-GB30,Georgiy Bushchan,1,GK,30,196,93,UA,Ukraine
UA-MF-GS21,Georgiy Sudakov,7,MF,21,175,68,UA,Ukraine
UA-MF-OZ28,Oleksandr Zubkov,20,MF,28,180,78,UA,Ukraine
UA-MF-RM31,Ruslan Malinovskyi,8,MF,31,180,79,UA,Ukraine
UA-MF-SS33,Serhiy Sydorchuk,5,MF,33,183,79,UA,Ukraine
